,date,products_sold,price
0,2019-10-21,43,77.21
1,2019-10-22,34,70.39
2,2019-10-23,28,73.71
3,2019-10-24,32,73.13
4,2019-10-25,38,75.56
5,2019-10-26,37,71.37
6,2019-10-27,36,68.4
7,2019-10-28,18,70.81
8,2019-10-29,11,70.23
9,2019-10-30,21,70.3
10,2019-10-31,26,66.85
11,2019-11-01,32,54.54
12,2019-11-02,23,72.58
13,2019-11-03,24,71.95
14,2019-11-04,32,69.95
15,2019-11-05,10,57.69
16,2019-11-06,27,68.13
17,2019-11-07,19,64.12
18,2019-11-08,25,59.85
19,2019-11-09,12,64.36
20,2019-11-10,13,45.92
21,2019-11-11,15,49.96
22,2019-11-12,11,52.35
23,2019-11-13,13,62.27
24,2019-11-14,22,64.06
25,2019-11-15,21,61.31
26,2019-11-16,28,53.02
27,2019-11-17,23,63.35
28,2019-11-18,28,63.53
29,2019-11-19,17,58.6
30,2019-11-20,21,65.48
31,2019-11-21,16,60.35
32,2019-11-22,19,54.84
33,2019-11-23,23,64.44
34,2019-11-24,13,56.72
35,2019-11-25,22,54.16
36,2019-11-26,15,69.87
37,2019-11-27,29,58.59
38,2019-11-28,30,58.24
39,2019-11-29,24,72.64
40,2019-11-30,32,58.76
41,2019-12-01,35,70.52
42,2019-12-02,33,68.27
43,2019-12-03,18,62.2
44,2019-12-04,29,67.3
45,2019-12-05,21,70.54
46,2019-12-06,11,57.0
47,2019-12-07,12,49.72
48,2019-12-08,13,48.55
49,2019-12-09,20,49.58
50,2019-12-10,19,62.39
51,2019-12-11,19,48.03
52,2019-12-12,6,38.48
53,2019-12-13,8,50.32
54,2019-12-14,19,61.19
55,2019-12-15,13,60.74
56,2019-12-16,0,51.71
57,2019-12-17,13,40.71
58,2019-12-18,9,45.57
59,2019-12-19,0,46.53
60,2019-12-20,19,42.8
61,2019-12-21,2,28.05
62,2019-12-22,4,39.03
63,2019-12-23,15,51.81
64,2019-12-24,0,39.21
65,2019-12-25,6,50.78
66,2019-12-26,10,46.57
67,2019-12-27,14,47.63
68,2019-12-28,19,58.97
69,2019-12-29,5,63.74
70,2019-12-30,4,48.06
71,2019-12-31,11,57.91
72,2020-01-01,10,62.29
73,2020-01-02,6,48.9
74,2020-01-03,2,58.29
75,2020-01-04,13,51.42
76,2020-01-05,11,52.73
77,2020-01-06,26,42.64
78,2020-01-07,13,56.25
79,2020-01-08,20,60.19
80,2020-01-09,19,69.2
81,2020-01-10,17,56.81
82,2020-01-11,21,61.68
83,2020-01-12,23,51.11
84,2020-01-13,18,53.5
85,2020-01-14,14,46.87
86,2020-01-15,22,59.39
87,2020-01-16,17,53.76
88,2020-01-17,5,52.32
89,2020-01-18,5,51.02
90,2020-01-19,2,61.66
91,2020-01-20,22,63.05
92,2020-01-21,21,44.88
93,2020-01-22,16,63.8
94,2020-01-23,22,52.51
95,2020-01-24,8,60.71
96,2020-01-25,20,57.52
97,2020-01-26,3,37.11
98,2020-01-27,21,56.5
99,2020-01-28,10,49.12
100,2020-01-29,8,50.58
101,2020-01-30,10,47.82
102,2020-01-31,8,38.49
103,2020-02-01,8,48.98
104,2020-02-02,5,54.12
105,2020-02-03,20,65.68
106,2020-02-04,16,48.69
107,2020-02-05,12,66.54
108,2020-02-06,25,55.22
109,2020-02-07,18,52.14
110,2020-02-08,25,54.17
111,2020-02-09,27,56.25
112,2020-02-10,20,56.04
113,2020-02-11,27,57.48
114,2020-02-12,17,58.65
115,2020-02-13,12,48.37
116,2020-02-14,16,46.35
117,2020-02-15,18,53.44
118,2020-02-16,19,63.96
119,2020-02-17,28,64.84
120,2020-02-18,35,55.43
121,2020-02-19,30,74.41
122,2020-02-20,27,61.69
123,2020-02-21,29,64.24
124,2020-02-22,23,62.1
125,2020-02-23,13,74.53
126,2020-02-24,33,65.57
127,2020-02-25,16,64.39
128,2020-02-26,25,50.65
129,2020-02-27,18,67.06
130,2020-02-28,18,60.68
131,2020-02-29,23,61.8
132,2020-03-01,12,52.66
133,2020-03-02,16,43.77
134,2020-03-03,19,63.03
135,2020-03-04,24,56.4
136,2020-03-05,6,52.88
137,2020-03-06,0,53.85
138,2020-03-07,6,45.6
139,2020-03-08,12,55.56
140,2020-03-09,6,51.26
141,2020-03-10,8,44.89
142,2020-03-11,0,33.27
143,2020-03-12,4,42.7
144,2020-03-13,7,46.38
145,2020-03-14,0,41.19
146,2020-03-15,0,41.39
147,2020-03-16,11,38.78
148,2020-03-17,0,54.92
149,2020-03-18,12,57.04
150,2020-03-19,7,48.01
151,2020-03-20,0,60.27
152,2020-03-21,12,46.66
153,2020-03-22,10,54.83
154,2020-03-23,2,39.04
155,2020-03-24,12,47.6
156,2020-03-25,10,52.94
157,2020-03-26,4,46.43
158,2020-03-27,15,48.76
159,2020-03-28,15,45.36
160,2020-03-29,7,43.79
161,2020-03-30,30,53.96
162,2020-03-31,19,47.21
163,2020-04-01,18,41.88
164,2020-04-02,9,46.04
165,2020-04-03,13,53.62
166,2020-04-04,7,39.61
167,2020-04-05,9,47.08
168,2020-04-06,0,33.64
169,2020-04-07,0,30.36
170,2020-04-08,0,32.76
171,2020-04-09,1,49.41
172,2020-04-10,0,45.09
173,2020-04-11,0,33.07
174,2020-04-12,0,56.08
175,2020-04-13,0,36.5
176,2020-04-14,7,49.94
177,2020-04-15,0,41.93
178,2020-04-16,0,34.04
179,2020-04-17,0,29.85
180,2020-04-18,6,36.18
181,2020-04-19,0,21.38
182,2020-04-20,0,40.04
183,2020-04-21,0,33.89
184,2020-04-22,0,26.27
185,2020-04-23,4,34.83
186,2020-04-24,0,39.13
187,2020-04-25,0,33.07
188,2020-04-26,1,36.12
189,2020-04-27,10,47.06
190,2020-04-28,0,36.05
191,2020-04-29,0,35.87
192,2020-04-30,0,37.65
193,2020-05-01,0,45.15
194,2020-05-02,8,46.66
195,2020-05-03,4,43.25
196,2020-05-04,0,34.11
197,2020-05-05,1,49.42
198,2020-05-06,14,47.9
199,2020-05-07,5,43.2
200,2020-05-08,5,48.64
201,2020-05-09,8,64.92
202,2020-05-10,18,52.59
203,2020-05-11,19,58.97
204,2020-05-12,14,53.59
205,2020-05-13,13,56.29
206,2020-05-14,11,38.8
207,2020-05-15,25,61.96
208,2020-05-16,19,41.02
209,2020-05-17,8,46.01
210,2020-05-18,1,40.99
211,2020-05-19,11,60.75
212,2020-05-20,14,42.35
213,2020-05-21,13,53.71
214,2020-05-22,5,50.25
215,2020-05-23,9,64.14
216,2020-05-24,10,49.53
217,2020-05-25,16,56.47
218,2020-05-26,23,51.11
219,2020-05-27,11,45.77
220,2020-05-28,12,45.2
221,2020-05-29,14,53.75
222,2020-05-30,5,45.16
223,2020-05-31,12,49.29
224,2020-06-01,13,51.44
225,2020-06-02,18,56.43
226,2020-06-03,10,49.44
227,2020-06-04,4,62.51
228,2020-06-05,9,67.01
229,2020-06-06,17,69.47
230,2020-06-07,20,76.38
231,2020-06-08,15,68.1
232,2020-06-09,23,57.48
233,2020-06-10,18,60.62
234,2020-06-11,17,60.37
235,2020-06-12,25,66.52
236,2020-06-13,17,72.73
237,2020-06-14,12,68.61
238,2020-06-15,23,61.91
239,2020-06-16,32,69.96
240,2020-06-17,23,59.36
241,2020-06-18,25,79.91
242,2020-06-19,39,77.84
243,2020-06-20,31,72.63
244,2020-06-21,40,74.09
245,2020-06-22,34,76.68
246,2020-06-23,33,76.7
247,2020-06-24,31,69.4
248,2020-06-25,32,70.13
249,2020-06-26,22,58.77
250,2020-06-27,17,58.27
251,2020-06-28,31,55.8
252,2020-06-29,26,63.89
253,2020-06-30,32,65.31
254,2020-07-01,17,58.92
255,2020-07-02,26,59.29
256,2020-07-03,28,72.21
257,2020-07-04,30,75.87
258,2020-07-05,27,58.91
259,2020-07-06,9,48.97
260,2020-07-07,25,56.08
261,2020-07-08,16,74.56
262,2020-07-09,18,52.32
263,2020-07-10,16,60.31
264,2020-07-11,9,61.5
265,2020-07-12,8,40.87
266,2020-07-13,25,56.38
267,2020-07-14,18,60.22
268,2020-07-15,22,66.49
269,2020-07-16,24,73.78
270,2020-07-17,34,68.36
271,2020-07-18,30,71.73
272,2020-07-19,24,65.14
273,2020-07-20,9,53.81
274,2020-07-21,20,77.76
275,2020-07-22,28,71.61
276,2020-07-23,21,68.92
277,2020-07-24,19,58.34
278,2020-07-25,23,57.38
279,2020-07-26,23,59.25
280,2020-07-27,25,71.64
281,2020-07-28,34,60.15
282,2020-07-29,27,74.4
283,2020-07-30,39,73.12
284,2020-07-31,40,81.21
285,2020-08-01,35,71.25
286,2020-08-02,30,67.88
287,2020-08-03,23,65.35
288,2020-08-04,20,56.82
289,2020-08-05,27,67.65
290,2020-08-06,18,63.84
291,2020-08-07,15,45.74
292,2020-08-08,17,53.11
293,2020-08-09,36,66.26
294,2020-08-10,27,60.76
295,2020-08-11,22,65.54
296,2020-08-12,38,63.22
297,2020-08-13,25,70.19
298,2020-08-14,22,50.33
299,2020-08-15,23,59.2
300,2020-08-16,12,46.45
301,2020-08-17,9,50.04
302,2020-08-18,18,66.96
303,2020-08-19,20,60.66
304,2020-08-20,8,49.25
305,2020-08-21,11,46.83
306,2020-08-22,12,56.94
307,2020-08-23,20,56.36
308,2020-08-24,20,58.32
309,2020-08-25,22,55.79
310,2020-08-26,27,64.09
311,2020-08-27,38,74.38
312,2020-08-28,23,66.87
313,2020-08-29,22,61.21
314,2020-08-30,20,61.85
315,2020-08-31,32,81.15
316,2020-09-01,24,65.38
317,2020-09-02,29,57.37
318,2020-09-03,27,68.87
319,2020-09-04,17,68.54
320,2020-09-05,34,77.91
321,2020-09-06,30,69.93
322,2020-09-07,35,64.27
323,2020-09-08,44,79.41
324,2020-09-09,46,75.61
325,2020-09-10,40,70.35
326,2020-09-11,33,88.73
327,2020-09-12,45,70.45
328,2020-09-13,32,77.89
329,2020-09-14,38,77.11
330,2020-09-15,32,84.66
331,2020-09-16,24,74.05
332,2020-09-17,23,78.38
333,2020-09-18,24,73.75
334,2020-09-19,28,83.23
335,2020-09-20,48,83.57
336,2020-09-21,38,84.36
337,2020-09-22,38,84.61
338,2020-09-23,44,91.67
339,2020-09-24,50,76.14
340,2020-09-25,34,79.61
341,2020-09-26,37,74.89
342,2020-09-27,35,89.4
343,2020-09-28,18,72.19
344,2020-09-29,43,62.34
345,2020-09-30,32,81.86
346,2020-10-01,39,70.08
347,2020-10-02,38,74.45
348,2020-10-03,37,89.03
349,2020-10-04,44,69.53
350,2020-10-05,51,85.16
351,2020-10-06,41,81.87
352,2020-10-07,47,88.15
353,2020-10-08,43,94.62
354,2020-10-09,47,76.69
355,2020-10-10,49,91.48
356,2020-10-11,58,80.79
357,2020-10-12,53,79.0
358,2020-10-13,44,86.76
359,2020-10-14,44,78.75
360,2020-10-15,48,86.51
361,2020-10-16,50,92.21
362,2020-10-17,55,91.78
363,2020-10-18,51,92.33
364,2020-10-19,50,102.35
365,2020-10-20,59,99.26
366,2020-10-21,46,102.13
367,2020-10-22,58,94.79
368,2020-10-23,56,92.42
369,2020-10-24,47,92.48
370,2020-10-25,47,91.14
371,2020-10-26,46,85.3
372,2020-10-27,44,81.15
373,2020-10-28,42,84.02
374,2020-10-29,58,76.13
375,2020-10-30,44,80.3
376,2020-10-31,38,88.99
377,2020-11-01,47,75.41
378,2020-11-02,47,90.84
379,2020-11-03,40,80.84
380,2020-11-04,42,85.89
381,2020-11-05,40,80.16
382,2020-11-06,52,74.9
383,2020-11-07,37,74.37
384,2020-11-08,40,72.56
385,2020-11-09,38,65.97
386,2020-11-10,44,71.77
387,2020-11-11,35,84.72
388,2020-11-12,46,70.37
389,2020-11-13,48,81.57
390,2020-11-14,42,81.77
391,2020-11-15,39,74.86
392,2020-11-16,46,84.22
393,2020-11-17,35,80.82
394,2020-11-18,32,81.15
395,2020-11-19,42,76.09
396,2020-11-20,34,75.05
397,2020-11-21,36,80.92
398,2020-11-22,42,79.71
399,2020-11-23,24,71.51
400,2020-11-24,47,70.33
401,2020-11-25,46,81.39
402,2020-11-26,36,82.08
403,2020-11-27,49,70.96
404,2020-11-28,40,85.33
405,2020-11-29,38,81.3
406,2020-11-30,41,81.11
407,2020-12-01,46,84.33
408,2020-12-02,49,75.42
409,2020-12-03,38,74.33
410,2020-12-04,48,89.08
411,2020-12-05,40,62.21
412,2020-12-06,20,66.93
413,2020-12-07,31,65.74
414,2020-12-08,28,67.3
415,2020-12-09,35,68.63
416,2020-12-10,21,77.82
417,2020-12-11,27,67.13
418,2020-12-12,33,79.42
419,2020-12-13,26,66.64
420,2020-12-14,35,61.33
421,2020-12-15,38,68.26
422,2020-12-16,20,69.55
423,2020-12-17,24,64.7
424,2020-12-18,14,62.49
425,2020-12-19,24,50.01
426,2020-12-20,19,51.54
427,2020-12-21,13,58.35
428,2020-12-22,29,74.18
429,2020-12-23,17,44.02
430,2020-12-24,27,62.01
431,2020-12-25,33,59.26
432,2020-12-26,22,82.87
433,2020-12-27,37,81.05
434,2020-12-28,40,79.75
435,2020-12-29,32,64.08
436,2020-12-30,12,70.88
437,2020-12-31,38,74.28
438,2021-01-01,32,61.3
439,2021-01-02,19,57.83
440,2021-01-03,28,72.7
441,2021-01-04,23,70.5
442,2021-01-05,17,80.64
443,2021-01-06,36,86.99
444,2021-01-07,26,87.11
445,2021-01-08,45,82.05
446,2021-01-09,43,83.06
447,2021-01-10,44,81.38
448,2021-01-11,38,79.04
449,2021-01-12,38,81.14
450,2021-01-13,33,84.68
451,2021-01-14,36,78.03
452,2021-01-15,31,68.22
453,2021-01-16,27,59.37
454,2021-01-17,32,74.53
455,2021-01-18,36,79.06
456,2021-01-19,30,63.21
457,2021-01-20,26,70.97
458,2021-01-21,23,69.4
459,2021-01-22,35,74.3
460,2021-01-23,34,76.19
461,2021-01-24,22,90.19
462,2021-01-25,30,69.06
463,2021-01-26,29,64.69
464,2021-01-27,47,69.22
465,2021-01-28,32,73.61
466,2021-01-29,22,75.81
467,2021-01-30,17,58.12
468,2021-01-31,20,71.48
469,2021-02-01,31,77.59
470,2021-02-02,25,61.92
471,2021-02-03,32,74.91
472,2021-02-04,39,72.96
473,2021-02-05,35,80.22
474,2021-02-06,36,73.63
475,2021-02-07,30,68.86
476,2021-02-08,37,79.77
477,2021-02-09,32,69.35
478,2021-02-10,36,84.96
479,2021-02-11,42,74.22
480,2021-02-12,29,78.02
481,2021-02-13,40,76.69
482,2021-02-14,44,81.48
483,2021-02-15,39,79.09
484,2021-02-16,37,67.61
485,2021-02-17,43,84.69
486,2021-02-18,42,82.82
487,2021-02-19,53,83.78
488,2021-02-20,48,91.46
489,2021-02-21,48,80.96
490,2021-02-22,49,81.51
491,2021-02-23,41,74.69
492,2021-02-24,36,70.58
493,2021-02-25,16,75.79
494,2021-02-26,35,81.45
495,2021-02-27,37,70.7
496,2021-02-28,34,80.77
497,2021-03-01,35,74.98
498,2021-03-02,33,76.99
499,2021-03-03,39,69.37
500,2021-03-04,38,83.57
501,2021-03-05,37,77.68
502,2021-03-06,32,60.71
503,2021-03-07,39,71.27
504,2021-03-08,27,61.7
505,2021-03-09,30,63.01
506,2021-03-10,19,59.71
507,2021-03-11,25,61.36
508,2021-03-12,14,58.54
509,2021-03-13,29,58.13
510,2021-03-14,23,67.12
511,2021-03-15,31,73.9
512,2021-03-16,23,73.96
513,2021-03-17,27,65.0
514,2021-03-18,34,62.62
515,2021-03-19,30,69.46
516,2021-03-20,26,59.38
517,2021-03-21,22,63.62
518,2021-03-22,28,56.91
519,2021-03-23,22,64.55
520,2021-03-24,25,64.54
521,2021-03-25,17,66.46
522,2021-03-26,34,65.69
523,2021-03-27,45,64.46
524,2021-03-28,34,71.66
525,2021-03-29,23,59.4
526,2021-03-30,28,68.57
527,2021-03-31,26,72.61
528,2021-04-01,33,76.47
529,2021-04-02,24,69.5
530,2021-04-03,24,71.36
531,2021-04-04,15,68.82
532,2021-04-05,28,64.29
533,2021-04-06,12,57.4
534,2021-04-07,13,51.59
535,2021-04-08,19,65.25
536,2021-04-09,8,65.12
537,2021-04-10,19,53.59
538,2021-04-11,21,61.16
539,2021-04-12,20,64.44
540,2021-04-13,10,60.84
541,2021-04-14,22,72.9
542,2021-04-15,14,55.76
543,2021-04-16,8,63.78
544,2021-04-17,9,57.63
545,2021-04-18,26,51.3
546,2021-04-19,9,51.55
547,2021-04-20,9,42.04
548,2021-04-21,10,39.29
549,2021-04-22,0,57.84
550,2021-04-23,14,62.39
551,2021-04-24,29,50.54
552,2021-04-25,13,52.3
553,2021-04-26,9,67.44
554,2021-04-27,27,56.21
555,2021-04-28,27,70.87
556,2021-04-29,29,53.54
557,2021-04-30,24,59.61
558,2021-05-01,23,48.52
559,2021-05-02,17,71.16
560,2021-05-03,23,58.57
561,2021-05-04,17,48.47
562,2021-05-05,31,55.82
563,2021-05-06,22,70.65
564,2021-05-07,23,65.99
565,2021-05-08,22,72.64
566,2021-05-09,31,77.25
567,2021-05-10,29,67.13
568,2021-05-11,37,75.1
569,2021-05-12,39,80.91
570,2021-05-13,19,72.41
571,2021-05-14,36,67.66
572,2021-05-15,26,78.04
573,2021-05-16,36,60.68
574,2021-05-17,31,63.09
575,2021-05-18,32,66.36
576,2021-05-19,17,75.46
577,2021-05-20,31,70.25
578,2021-05-21,43,72.34
579,2021-05-22,29,77.95
580,2021-05-23,38,72.08
581,2021-05-24,34,72.98
582,2021-05-25,27,82.6
583,2021-05-26,37,73.92
584,2021-05-27,25,73.71
585,2021-05-28,26,73.25
586,2021-05-29,31,75.9
587,2021-05-30,26,80.54
588,2021-05-31,15,72.93
589,2021-06-01,27,68.3
590,2021-06-02,35,70.44
591,2021-06-03,35,66.15
592,2021-06-04,40,76.26
593,2021-06-05,39,74.6
594,2021-06-06,32,66.19
595,2021-06-07,39,89.34
596,2021-06-08,24,89.62
597,2021-06-09,40,68.78
598,2021-06-10,36,91.26
599,2021-06-11,35,77.44
600,2021-06-12,37,78.72
601,2021-06-13,35,76.7
602,2021-06-14,34,86.43
603,2021-06-15,46,77.41
604,2021-06-16,51,96.65
605,2021-06-17,53,79.56
606,2021-06-18,44,86.72
607,2021-06-19,41,90.34
608,2021-06-20,51,98.9
609,2021-06-21,53,88.78
610,2021-06-22,55,94.69
611,2021-06-23,54,83.14
612,2021-06-24,47,95.15
613,2021-06-25,52,80.68
614,2021-06-26,60,77.11
615,2021-06-27,43,78.09
616,2021-06-28,36,80.89
617,2021-06-29,43,78.93
618,2021-06-30,47,83.64
619,2021-07-01,41,82.03
620,2021-07-02,36,78.95
621,2021-07-03,50,88.66
622,2021-07-04,53,94.94
623,2021-07-05,48,92.46
624,2021-07-06,31,79.82
625,2021-07-07,41,80.52
626,2021-07-08,24,72.58
627,2021-07-09,33,69.45
628,2021-07-10,26,77.69
629,2021-07-11,26,78.22
630,2021-07-12,41,70.11
631,2021-07-13,38,64.82
632,2021-07-14,32,76.01
633,2021-07-15,43,81.37
634,2021-07-16,42,74.9
635,2021-07-17,49,86.46
636,2021-07-18,49,81.66
637,2021-07-19,35,69.06
638,2021-07-20,55,78.53
639,2021-07-21,44,87.13
640,2021-07-22,45,73.49
641,2021-07-23,20,82.99
642,2021-07-24,43,79.33
643,2021-07-25,36,68.81
644,2021-07-26,44,87.53
645,2021-07-27,46,77.26
646,2021-07-28,45,84.16
647,2021-07-29,42,93.43
648,2021-07-30,55,93.25
649,2021-07-31,61,92.79
650,2021-08-01,54,87.05
651,2021-08-02,46,83.7
652,2021-08-03,56,77.77
653,2021-08-04,44,92.34
654,2021-08-05,36,82.39
655,2021-08-06,44,81.15
656,2021-08-07,30,79.08
657,2021-08-08,39,79.37
658,2021-08-09,35,91.72
659,2021-08-10,44,84.39
660,2021-08-11,35,82.4
661,2021-08-12,38,82.15
662,2021-08-13,36,91.01
663,2021-08-14,37,79.28
664,2021-08-15,36,76.96
665,2021-08-16,32,80.69
666,2021-08-17,43,65.85
667,2021-08-18,34,83.1
668,2021-08-19,40,60.94
669,2021-08-20,28,82.31
670,2021-08-21,40,74.65
671,2021-08-22,29,82.32
672,2021-08-23,37,77.42
673,2021-08-24,35,75.81
674,2021-08-25,34,76.37
675,2021-08-26,40,86.39
676,2021-08-27,56,90.79
677,2021-08-28,43,83.58
678,2021-08-29,56,75.01
679,2021-08-30,45,82.68
680,2021-08-31,50,89.18
681,2021-09-01,38,89.89
682,2021-09-02,40,95.34
683,2021-09-03,58,79.31
684,2021-09-04,43,92.94
685,2021-09-05,64,97.89
686,2021-09-06,60,94.76
687,2021-09-07,57,87.48
688,2021-09-08,60,83.47
689,2021-09-09,55,85.42
690,2021-09-10,72,97.09
691,2021-09-11,62,95.32
692,2021-09-12,55,97.6
693,2021-09-13,60,104.08
694,2021-09-14,66,82.91
695,2021-09-15,50,95.04
696,2021-09-16,41,93.89
697,2021-09-17,60,93.52
698,2021-09-18,67,101.94
699,2021-09-19,53,97.26
700,2021-09-20,65,94.71
701,2021-09-21,52,94.73
702,2021-09-22,52,91.99
703,2021-09-23,77,102.34
704,2021-09-24,57,103.94
705,2021-09-25,45,88.64
706,2021-09-26,67,86.61
707,2021-09-27,58,90.16
708,2021-09-28,41,90.79
709,2021-09-29,53,77.88
710,2021-09-30,49,87.55
711,2021-10-01,44,89.96
712,2021-10-02,50,104.35
713,2021-10-03,51,99.53
714,2021-10-04,56,85.27
715,2021-10-05,59,101.12
716,2021-10-06,70,100.33
717,2021-10-07,63,93.98
718,2021-10-08,61,101.38
719,2021-10-09,67,104.75
720,2021-10-10,64,96.59
721,2021-10-11,62,100.35
722,2021-10-12,61,104.76
723,2021-10-13,66,105.62
724,2021-10-14,72,99.56
725,2021-10-15,66,105.09
726,2021-10-16,65,100.62
727,2021-10-17,72,111.49
728,2021-10-18,82,92.08
729,2021-10-19,76,107.83
730,2021-10-20,76,129.38
731,2021-10-21,77,106.56
732,2021-10-22,62,107.27
733,2021-10-23,86,114.01
734,2021-10-24,66,103.91
735,2021-10-25,73,101.17
736,2021-10-26,66,106.79
737,2021-10-27,66,99.19
738,2021-10-28,70,110.35
739,2021-10-29,58,116.16
740,2021-10-30,71,103.52
741,2021-10-31,56,104.09
742,2021-11-01,67,103.74
743,2021-11-02,72,98.15
744,2021-11-03,72,105.87
745,2021-11-04,62,110.82
746,2021-11-05,59,85.53
747,2021-11-06,58,93.34
748,2021-11-07,62,96.34
749,2021-11-08,52,97.5
750,2021-11-09,47,88.76
751,2021-11-10,42,96.76
752,2021-11-11,58,98.33
753,2021-11-12,48,90.53
754,2021-11-13,61,84.28
755,2021-11-14,52,89.02
756,2021-11-15,60,104.3
757,2021-11-16,72,101.55
758,2021-11-17,68,100.83
759,2021-11-18,50,103.36
760,2021-11-19,62,103.11
761,2021-11-20,52,100.39
762,2021-11-21,43,103.63
763,2021-11-22,62,90.05
764,2021-11-23,50,93.58
765,2021-11-24,58,88.77
766,2021-11-25,55,106.85
767,2021-11-26,50,104.95
768,2021-11-27,54,92.09
769,2021-11-28,67,96.93
770,2021-11-29,51,111.54
771,2021-11-30,58,112.39
772,2021-12-01,61,96.85
773,2021-12-02,50,101.98
774,2021-12-03,55,95.64
775,2021-12-04,51,85.67
776,2021-12-05,50,89.15
777,2021-12-06,44,91.89
778,2021-12-07,48,89.06
779,2021-12-08,63,86.88
780,2021-12-09,50,93.13
781,2021-12-10,53,84.62
782,2021-12-11,53,83.1
783,2021-12-12,47,84.43
784,2021-12-13,56,101.03
785,2021-12-14,55,83.92
786,2021-12-15,32,83.58
787,2021-12-16,44,83.81
788,2021-12-17,48,91.24
789,2021-12-18,43,81.57
790,2021-12-19,40,81.23
791,2021-12-20,31,69.81
792,2021-12-21,34,65.33
793,2021-12-22,47,86.37
794,2021-12-23,43,81.78
795,2021-12-24,34,83.98
796,2021-12-25,43,73.4
797,2021-12-26,38,87.98
798,2021-12-27,51,98.01
799,2021-12-28,43,91.5
800,2021-12-29,42,67.77
801,2021-12-30,45,85.74
802,2021-12-31,53,90.97
803,2022-01-01,38,87.71
804,2022-01-02,55,83.68
805,2022-01-03,48,78.12
806,2022-01-04,48,77.57
807,2022-01-05,63,91.93
808,2022-01-06,51,98.37
809,2022-01-07,57,88.11
810,2022-01-08,57,95.68
811,2022-01-09,57,113.6
812,2022-01-10,62,102.95
813,2022-01-11,51,97.07
814,2022-01-12,55,98.18
815,2022-01-13,57,99.25
816,2022-01-14,60,96.45
817,2022-01-15,43,101.93
818,2022-01-16,55,90.24
819,2022-01-17,37,90.36
820,2022-01-18,45,95.63
821,2022-01-19,53,87.29
822,2022-01-20,49,91.1
823,2022-01-21,52,90.6
824,2022-01-22,52,105.97
825,2022-01-23,63,87.65
826,2022-01-24,60,95.39
827,2022-01-25,40,94.04
828,2022-01-26,43,96.26
829,2022-01-27,60,94.45
830,2022-01-28,41,89.36
831,2022-01-29,41,88.12
832,2022-01-30,53,77.18
833,2022-01-31,38,85.22
834,2022-02-01,52,94.78
835,2022-02-02,56,88.58
836,2022-02-03,51,85.04
837,2022-02-04,49,90.49
838,2022-02-05,69,102.54
839,2022-02-06,56,89.5
840,2022-02-07,49,95.22
841,2022-02-08,55,107.12
842,2022-02-09,51,85.19
843,2022-02-10,56,102.18
844,2022-02-11,48,103.06
845,2022-02-12,52,79.56
846,2022-02-13,52,98.04
847,2022-02-14,55,91.66
848,2022-02-15,61,101.24
849,2022-02-16,59,105.85
850,2022-02-17,63,110.41
851,2022-02-18,66,102.15
852,2022-02-19,62,113.16
853,2022-02-20,58,109.07
854,2022-02-21,57,90.61
855,2022-02-22,76,83.86
856,2022-02-23,76,106.88
857,2022-02-24,53,91.39
858,2022-02-25,43,89.74
859,2022-02-26,49,86.34
860,2022-02-27,67,85.19
861,2022-02-28,44,113.99
862,2022-03-01,53,86.45
863,2022-03-02,43,83.13
864,2022-03-03,55,84.43
865,2022-03-04,60,96.12
866,2022-03-05,56,89.42
867,2022-03-06,41,73.6
868,2022-03-07,43,87.97
869,2022-03-08,49,79.93
870,2022-03-09,49,89.55
871,2022-03-10,50,86.45
872,2022-03-11,30,79.01
873,2022-03-12,43,79.07
874,2022-03-13,46,80.95
875,2022-03-14,43,83.85
876,2022-03-15,51,76.12
877,2022-03-16,39,87.18
878,2022-03-17,47,85.03
879,2022-03-18,49,76.14
880,2022-03-19,41,77.53
881,2022-03-20,40,84.63
882,2022-03-21,45,81.2
883,2022-03-22,47,90.49
884,2022-03-23,40,75.76
885,2022-03-24,40,79.59
886,2022-03-25,30,78.37
887,2022-03-26,44,78.5
888,2022-03-27,49,100.27
889,2022-03-28,53,86.33
890,2022-03-29,37,81.2
891,2022-03-30,36,93.4
892,2022-03-31,49,88.1
893,2022-04-01,53,92.15
894,2022-04-02,33,90.3
895,2022-04-03,41,88.99
896,2022-04-04,43,77.38
897,2022-04-05,47,80.04
898,2022-04-06,43,82.49
899,2022-04-07,44,66.98
900,2022-04-08,41,86.99
901,2022-04-09,41,80.51
902,2022-04-10,34,76.27
903,2022-04-11,30,67.83
904,2022-04-12,35,83.16
905,2022-04-13,36,74.9
906,2022-04-14,42,85.36
907,2022-04-15,34,81.77
908,2022-04-16,33,69.99
909,2022-04-17,35,68.24
910,2022-04-18,31,75.39
911,2022-04-19,27,71.31
912,2022-04-20,20,66.39
913,2022-04-21,27,67.67
914,2022-04-22,32,62.16
915,2022-04-23,27,58.71
916,2022-04-24,22,73.71
917,2022-04-25,40,74.17
918,2022-04-26,38,76.6
919,2022-04-27,48,80.61
920,2022-04-28,42,81.73
921,2022-04-29,42,82.0
922,2022-04-30,42,63.06
923,2022-05-01,40,82.19
924,2022-05-02,43,67.72
925,2022-05-03,44,82.3
926,2022-05-04,28,70.28
927,2022-05-05,34,78.87
928,2022-05-06,50,80.3
929,2022-05-07,54,100.08
930,2022-05-08,44,78.12
931,2022-05-09,43,86.04
932,2022-05-10,44,90.79
933,2022-05-11,60,97.86
934,2022-05-12,39,95.22
935,2022-05-13,29,84.19
936,2022-05-14,49,94.73
937,2022-05-15,46,83.64
938,2022-05-16,41,85.17
939,2022-05-17,51,90.05
940,2022-05-18,35,89.77
941,2022-05-19,43,86.72
942,2022-05-20,44,103.45
943,2022-05-21,44,79.74
944,2022-05-22,47,82.36
945,2022-05-23,52,93.01
946,2022-05-24,44,89.16
947,2022-05-25,47,87.76
948,2022-05-26,39,95.91
949,2022-05-27,42,89.97
950,2022-05-28,53,71.12
951,2022-05-29,44,84.64
952,2022-05-30,54,90.33
953,2022-05-31,48,77.05
954,2022-06-01,46,89.34
955,2022-06-02,55,79.13
956,2022-06-03,52,96.24
957,2022-06-04,64,98.47
958,2022-06-05,58,89.93
959,2022-06-06,50,91.05
960,2022-06-07,62,97.89
961,2022-06-08,60,101.15
962,2022-06-09,56,88.36
963,2022-06-10,57,111.08
964,2022-06-11,53,99.72
965,2022-06-12,60,91.9
966,2022-06-13,62,97.11
967,2022-06-14,65,101.02
968,2022-06-15,53,88.87
969,2022-06-16,56,107.57
970,2022-06-17,61,115.76
971,2022-06-18,65,106.08
972,2022-06-19,70,111.69
973,2022-06-20,76,111.8
974,2022-06-21,74,110.15
975,2022-06-22,69,110.97
976,2022-06-23,63,94.79
977,2022-06-24,63,101.07
978,2022-06-25,65,110.09
979,2022-06-26,53,96.47
980,2022-06-27,62,98.96
981,2022-06-28,72,96.19
982,2022-06-29,69,94.02
983,2022-06-30,64,105.73
984,2022-07-01,71,104.36
985,2022-07-02,61,95.6
986,2022-07-03,74,101.93
987,2022-07-04,71,115.47
988,2022-07-05,62,108.18
989,2022-07-06,63,104.32
990,2022-07-07,50,104.02
991,2022-07-08,66,95.61
992,2022-07-09,60,90.8
993,2022-07-10,53,104.48
994,2022-07-11,50,77.13
995,2022-07-12,72,86.42
996,2022-07-13,49,92.43
997,2022-07-14,52,93.64
998,2022-07-15,66,97.64
999,2022-07-16,69,89.91
1000,2022-07-17,66,110.03
1001,2022-07-18,67,93.97
1002,2022-07-19,70,107.21
1003,2022-07-20,60,105.04
1004,2022-07-21,58,91.12
1005,2022-07-22,66,112.89
1006,2022-07-23,68,100.07
1007,2022-07-24,42,89.15
1008,2022-07-25,55,100.14
1009,2022-07-26,66,96.99
1010,2022-07-27,66,90.55
1011,2022-07-28,66,100.53
1012,2022-07-29,80,120.43
1013,2022-07-30,71,101.05
1014,2022-07-31,72,121.45
1015,2022-08-01,68,108.69
1016,2022-08-02,63,105.03
1017,2022-08-03,67,95.48
1018,2022-08-04,63,105.93
1019,2022-08-05,65,100.08
1020,2022-08-06,60,109.19
1021,2022-08-07,57,94.37
1022,2022-08-08,57,95.08
1023,2022-08-09,67,99.48
1024,2022-08-10,69,98.17
1025,2022-08-11,56,88.22
1026,2022-08-12,67,90.59
1027,2022-08-13,67,88.95
1028,2022-08-14,58,104.03
1029,2022-08-15,59,82.83
1030,2022-08-16,52,98.82
1031,2022-08-17,49,95.06
1032,2022-08-18,50,96.33
1033,2022-08-19,49,78.4
1034,2022-08-20,49,93.62
1035,2022-08-21,52,91.93
1036,2022-08-22,45,101.86
1037,2022-08-23,44,92.86
1038,2022-08-24,53,107.06
1039,2022-08-25,49,84.28
1040,2022-08-26,67,95.45
1041,2022-08-27,75,111.88
1042,2022-08-28,67,101.59
1043,2022-08-29,62,95.8
1044,2022-08-30,58,104.97
1045,2022-08-31,65,110.28
1046,2022-09-01,59,91.07
1047,2022-09-02,55,98.2
1048,2022-09-03,56,103.1
1049,2022-09-04,56,101.45
1050,2022-09-05,65,107.94
1051,2022-09-06,62,108.84
1052,2022-09-07,84,122.49
1053,2022-09-08,73,117.51
1054,2022-09-09,91,113.26
1055,2022-09-10,76,113.88
1056,2022-09-11,74,116.89
1057,2022-09-12,70,106.92
1058,2022-09-13,62,112.68
1059,2022-09-14,84,113.08
1060,2022-09-15,66,110.72
1061,2022-09-16,78,115.5
1062,2022-09-17,78,106.39
1063,2022-09-18,74,113.2
1064,2022-09-19,67,107.61
1065,2022-09-20,72,107.09
1066,2022-09-21,63,120.32
1067,2022-09-22,76,116.88
1068,2022-09-23,80,120.83
1069,2022-09-24,79,112.63
1070,2022-09-25,70,108.37
1071,2022-09-26,84,95.86
1072,2022-09-27,77,122.65
1073,2022-09-28,68,118.84
1074,2022-09-29,60,110.7
1075,2022-09-30,62,101.07
1076,2022-10-01,66,103.07
1077,2022-10-02,75,113.95
1078,2022-10-03,78,113.78
1079,2022-10-04,82,110.91
1080,2022-10-05,73,122.12
1081,2022-10-06,84,130.38
1082,2022-10-07,78,120.39
1083,2022-10-08,76,119.51
1084,2022-10-09,80,118.79
1085,2022-10-10,79,120.66
1086,2022-10-11,81,122.37
1087,2022-10-12,77,121.75
1088,2022-10-13,76,121.62
1089,2022-10-14,89,130.5
1090,2022-10-15,84,123.94
1091,2022-10-16,101,126.78
1092,2022-10-17,97,136.07
1093,2022-10-18,81,133.32
1094,2022-10-19,96,140.23
1095,2022-10-20,92,133.67
1096,2022-10-21,92,133.7
1097,2022-10-22,90,130.72
1098,2022-10-23,86,121.91
1099,2022-10-24,80,122.61
1100,2022-10-25,80,128.04
1101,2022-10-26,81,131.11
1102,2022-10-27,74,121.8
1103,2022-10-28,92,123.22
1104,2022-10-29,89,129.99
1105,2022-10-30,81,119.69
1106,2022-10-31,79,116.26
1107,2022-11-01,86,127.46
1108,2022-11-02,77,124.82
1109,2022-11-03,96,126.56
1110,2022-11-04,80,120.77
1111,2022-11-05,79,114.49
1112,2022-11-06,84,113.48
1113,2022-11-07,84,114.51
1114,2022-11-08,89,107.82
1115,2022-11-09,68,110.34
1116,2022-11-10,71,105.8
1117,2022-11-11,78,114.82
1118,2022-11-12,70,117.97
1119,2022-11-13,66,118.65
1120,2022-11-14,75,119.47
1121,2022-11-15,73,110.16
1122,2022-11-16,79,129.13
1123,2022-11-17,74,121.56
1124,2022-11-18,80,111.59
1125,2022-11-19,68,118.93
1126,2022-11-20,77,122.27
1127,2022-11-21,71,113.44
1128,2022-11-22,73,102.0
1129,2022-11-23,73,109.16
1130,2022-11-24,64,112.65
1131,2022-11-25,77,133.76
1132,2022-11-26,88,123.58
1133,2022-11-27,84,132.97
1134,2022-11-28,83,118.48
1135,2022-11-29,80,122.42
1136,2022-11-30,87,134.42
1137,2022-12-01,82,130.31
1138,2022-12-02,74,121.76
1139,2022-12-03,74,118.27
1140,2022-12-04,63,120.44
1141,2022-12-05,72,124.41
1142,2022-12-06,66,105.11
1143,2022-12-07,72,111.5
1144,2022-12-08,79,116.42
1145,2022-12-09,67,113.91
1146,2022-12-10,83,96.27
1147,2022-12-11,58,113.37
1148,2022-12-12,79,110.41
1149,2022-12-13,71,111.88
1150,2022-12-14,75,98.09
1151,2022-12-15,64,104.01
1152,2022-12-16,60,98.05
1153,2022-12-17,59,94.34
1154,2022-12-18,63,113.05
1155,2022-12-19,63,101.16
1156,2022-12-20,40,92.9
1157,2022-12-21,52,99.92
1158,2022-12-22,71,99.68
1159,2022-12-23,59,108.16
1160,2022-12-24,66,93.09
1161,2022-12-25,59,91.22
1162,2022-12-26,72,99.71
1163,2022-12-27,64,109.16
1164,2022-12-28,64,111.82
1165,2022-12-29,52,110.23
1166,2022-12-30,57,100.09
1167,2022-12-31,64,109.24
1168,2023-01-01,66,99.79
1169,2023-01-02,60,114.01
1170,2023-01-03,72,110.42
1171,2023-01-04,79,117.67
1172,2023-01-05,80,117.28
1173,2023-01-06,63,116.73
1174,2023-01-07,69,118.56
1175,2023-01-08,79,117.42
1176,2023-01-09,87,120.63
1177,2023-01-10,76,120.24
1178,2023-01-11,68,111.38
1179,2023-01-12,66,106.1
1180,2023-01-13,74,110.59
1181,2023-01-14,75,118.0
1182,2023-01-15,74,112.61
1183,2023-01-16,63,115.13
1184,2023-01-17,68,117.61
1185,2023-01-18,72,112.18
1186,2023-01-19,68,111.49
1187,2023-01-20,62,111.95
1188,2023-01-21,75,113.37
1189,2023-01-22,71,108.56
1190,2023-01-23,71,114.63
1191,2023-01-24,67,104.8
1192,2023-01-25,64,105.78
1193,2023-01-26,72,102.15
1194,2023-01-27,78,105.37
1195,2023-01-28,50,102.44
1196,2023-01-29,64,105.45
1197,2023-01-30,64,109.72
1198,2023-01-31,68,107.78
1199,2023-02-01,72,105.78
1200,2023-02-02,70,108.31
1201,2023-02-03,71,102.01
1202,2023-02-04,70,107.21
1203,2023-02-05,64,115.66
1204,2023-02-06,73,112.03
1205,2023-02-07,77,106.03
1206,2023-02-08,83,118.3
1207,2023-02-09,74,107.4
1208,2023-02-10,76,109.56
1209,2023-02-11,77,115.57
1210,2023-02-12,61,103.31
1211,2023-02-13,78,121.48
1212,2023-02-14,76,109.19
1213,2023-02-15,66,114.84
1214,2023-02-16,76,116.69
1215,2023-02-17,67,125.37
1216,2023-02-18,78,101.66
1217,2023-02-19,73,124.73
1218,2023-02-20,78,119.94
1219,2023-02-21,72,116.92
1220,2023-02-22,82,117.35
1221,2023-02-23,75,121.44
1222,2023-02-24,84,121.99
1223,2023-02-25,64,107.27
1224,2023-02-26,69,111.6
1225,2023-02-27,73,112.42
1226,2023-02-28,77,108.97
1227,2023-03-01,80,110.3
1228,2023-03-02,77,114.91
1229,2023-03-03,64,119.58
1230,2023-03-04,64,112.06
1231,2023-03-05,65,108.8
1232,2023-03-06,66,108.08
1233,2023-03-07,63,107.52
1234,2023-03-08,64,99.77
1235,2023-03-09,66,104.31
1236,2023-03-10,60,99.49
1237,2023-03-11,54,104.48
1238,2023-03-12,51,105.75
1239,2023-03-13,59,102.23
1240,2023-03-14,49,102.1
1241,2023-03-15,61,109.95
1242,2023-03-16,58,106.68
1243,2023-03-17,71,99.67
1244,2023-03-18,75,119.55
1245,2023-03-19,57,94.41
1246,2023-03-20,54,99.37
1247,2023-03-21,60,107.68
1248,2023-03-22,65,100.55
1249,2023-03-23,67,96.05
1250,2023-03-24,64,91.99
1251,2023-03-25,60,88.57
1252,2023-03-26,53,93.23
1253,2023-03-27,69,98.3
1254,2023-03-28,64,111.03
1255,2023-03-29,67,103.09
1256,2023-03-30,64,107.35
1257,2023-03-31,71,102.6
1258,2023-04-01,60,99.16
1259,2023-04-02,69,108.17
1260,2023-04-03,63,100.02
1261,2023-04-04,59,100.94
1262,2023-04-05,64,93.76
1263,2023-04-06,55,108.85
1264,2023-04-07,60,90.74
1265,2023-04-08,61,108.33
1266,2023-04-09,55,92.42
1267,2023-04-10,49,88.79
1268,2023-04-11,47,100.27
1269,2023-04-12,64,104.0
1270,2023-04-13,54,87.61
1271,2023-04-14,62,96.0
1272,2023-04-15,60,86.86
1273,2023-04-16,53,95.74
1274,2023-04-17,51,92.17
1275,2023-04-18,60,98.1
1276,2023-04-19,55,79.82
1277,2023-04-20,43,82.34
1278,2023-04-21,45,88.25
1279,2023-04-22,41,94.94
1280,2023-04-23,42,79.78
1281,2023-04-24,45,86.21
1282,2023-04-25,52,104.69
1283,2023-04-26,50,91.07
1284,2023-04-27,54,105.32
1285,2023-04-28,58,98.29
1286,2023-04-29,62,103.38
1287,2023-04-30,64,95.94
1288,2023-05-01,53,94.35
1289,2023-05-02,58,99.52
1290,2023-05-03,58,89.19
1291,2023-05-04,64,97.08
1292,2023-05-05,57,99.9
1293,2023-05-06,61,93.08
1294,2023-05-07,57,114.87
1295,2023-05-08,57,99.32
1296,2023-05-09,64,97.18
1297,2023-05-10,67,100.51
1298,2023-05-11,79,111.93
1299,2023-05-12,79,92.48
1300,2023-05-13,59,111.54
1301,2023-05-14,60,110.08
1302,2023-05-15,65,115.08
1303,2023-05-16,61,112.56
1304,2023-05-17,70,105.03
1305,2023-05-18,65,101.76
1306,2023-05-19,52,117.62
1307,2023-05-20,64,106.1
1308,2023-05-21,69,112.84
1309,2023-05-22,62,100.08
1310,2023-05-23,79,96.33
1311,2023-05-24,72,96.23
1312,2023-05-25,67,107.98
1313,2023-05-26,71,100.55
1314,2023-05-27,72,98.73
1315,2023-05-28,62,107.98
1316,2023-05-29,75,104.05
1317,2023-05-30,61,89.66
1318,2023-05-31,61,91.92
1319,2023-06-01,65,105.92
1320,2023-06-02,69,100.44
1321,2023-06-03,68,115.47
1322,2023-06-04,68,111.61
1323,2023-06-05,64,106.95
1324,2023-06-06,75,122.79
1325,2023-06-07,79,119.53
1326,2023-06-08,88,115.62
1327,2023-06-09,69,111.34
1328,2023-06-10,74,113.03
1329,2023-06-11,69,112.53
1330,2023-06-12,77,101.02
1331,2023-06-13,79,118.35
1332,2023-06-14,83,114.31
1333,2023-06-15,81,115.11
1334,2023-06-16,82,127.17
1335,2023-06-17,79,113.3
1336,2023-06-18,89,121.5
1337,2023-06-19,96,125.67
1338,2023-06-20,87,128.22
1339,2023-06-21,88,127.82
1340,2023-06-22,79,130.69
1341,2023-06-23,96,119.44
1342,2023-06-24,89,122.06
1343,2023-06-25,78,131.55
1344,2023-06-26,72,118.92
1345,2023-06-27,72,110.39
1346,2023-06-28,80,121.3
1347,2023-06-29,83,125.71
1348,2023-06-30,72,119.53
1349,2023-07-01,75,126.65
1350,2023-07-02,73,117.79
1351,2023-07-03,82,118.44
1352,2023-07-04,92,119.85
1353,2023-07-05,78,117.79
1354,2023-07-06,68,119.92
1355,2023-07-07,77,121.77
1356,2023-07-08,85,121.72
1357,2023-07-09,75,110.92
1358,2023-07-10,60,100.34
1359,2023-07-11,77,110.18
1360,2023-07-12,75,110.42
1361,2023-07-13,73,115.65
1362,2023-07-14,68,115.83
1363,2023-07-15,73,111.88
1364,2023-07-16,66,115.72
1365,2023-07-17,88,121.94
1366,2023-07-18,85,109.77
1367,2023-07-19,83,126.65
1368,2023-07-20,68,110.68
1369,2023-07-21,86,115.75
1370,2023-07-22,83,119.62
1371,2023-07-23,71,114.53
1372,2023-07-24,68,113.71
1373,2023-07-25,82,123.67
1374,2023-07-26,73,123.58
1375,2023-07-27,78,122.23
1376,2023-07-28,85,113.24
1377,2023-07-29,87,121.91
1378,2023-07-30,91,134.88
1379,2023-07-31,88,133.0
1380,2023-08-01,86,128.51
1381,2023-08-02,88,118.18
1382,2023-08-03,82,125.95
1383,2023-08-04,90,116.94
1384,2023-08-05,63,121.62
1385,2023-08-06,75,117.13
1386,2023-08-07,74,108.21
1387,2023-08-08,77,99.1
1388,2023-08-09,76,117.9
1389,2023-08-10,89,105.41
1390,2023-08-11,73,124.34
1391,2023-08-12,72,126.09
1392,2023-08-13,87,113.74
1393,2023-08-14,74,118.7
1394,2023-08-15,74,115.78
1395,2023-08-16,73,117.27
1396,2023-08-17,68,118.62
1397,2023-08-18,75,120.62
1398,2023-08-19,74,111.15
1399,2023-08-20,59,101.13
1400,2023-08-21,67,102.12
1401,2023-08-22,73,112.39
1402,2023-08-23,86,111.57
1403,2023-08-24,86,112.55
1404,2023-08-25,72,119.51
1405,2023-08-26,68,113.75
1406,2023-08-27,74,124.98
1407,2023-08-28,87,125.91
1408,2023-08-29,73,114.85
1409,2023-08-30,77,122.32
1410,2023-08-31,74,116.88
1411,2023-09-01,77,107.41
1412,2023-09-02,82,118.06
1413,2023-09-03,79,115.92
1414,2023-09-04,82,126.03
1415,2023-09-05,94,121.79
1416,2023-09-06,90,117.64
1417,2023-09-07,88,123.92
1418,2023-09-08,89,141.2
1419,2023-09-09,95,126.3
1420,2023-09-10,90,139.72
1421,2023-09-11,102,139.06
1422,2023-09-12,95,130.96
1423,2023-09-13,88,130.53
1424,2023-09-14,94,136.37
1425,2023-09-15,86,130.38
1426,2023-09-16,79,130.77
1427,2023-09-17,98,131.88
1428,2023-09-18,89,131.24
1429,2023-09-19,89,139.14
1430,2023-09-20,96,128.5
1431,2023-09-21,92,130.25
1432,2023-09-22,98,140.38
1433,2023-09-23,97,129.29
1434,2023-09-24,89,127.43
1435,2023-09-25,92,125.15
1436,2023-09-26,89,127.93
1437,2023-09-27,90,131.62
1438,2023-09-28,93,137.21
1439,2023-09-29,90,133.46
1440,2023-09-30,84,129.03
1441,2023-10-01,95,130.54
1442,2023-10-02,93,126.24
1443,2023-10-03,85,131.81
1444,2023-10-04,93,140.32
1445,2023-10-05,98,144.16
1446,2023-10-06,95,159.75
1447,2023-10-07,102,144.49
1448,2023-10-08,98,136.56
1449,2023-10-09,97,130.35
1450,2023-10-10,107,134.43
1451,2023-10-11,96,145.45
1452,2023-10-12,99,140.54
1453,2023-10-13,88,138.42
1454,2023-10-14,104,142.92
1455,2023-10-15,101,147.23
1456,2023-10-16,105,146.97
1457,2023-10-17,105,141.08
1458,2023-10-18,97,142.56
1459,2023-10-19,113,143.63
1460,2023-10-20,117,152.05
1461,2023-10-21,109,153.02
1462,2023-10-22,112,138.42
1463,2023-10-23,99,160.26
1464,2023-10-24,103,150.16
1465,2023-10-25,116,150.38
1466,2023-10-26,111,143.19
1467,2023-10-27,104,136.26
1468,2023-10-28,90,137.58
1469,2023-10-29,99,139.25
1470,2023-10-30,97,139.51
1471,2023-10-31,109,138.57
1472,2023-11-01,98,155.12
1473,2023-11-02,111,141.36
1474,2023-11-03,114,140.18
1475,2023-11-04,94,140.65
1476,2023-11-05,100,139.67
1477,2023-11-06,100,130.23
1478,2023-11-07,102,142.09
1479,2023-11-08,89,127.05
1480,2023-11-09,89,129.23
1481,2023-11-10,83,141.27
1482,2023-11-11,97,144.19
1483,2023-11-12,83,143.44
1484,2023-11-13,90,129.18
1485,2023-11-14,91,133.78
1486,2023-11-15,103,139.7
1487,2023-11-16,104,132.35
1488,2023-11-17,91,130.53
1489,2023-11-18,86,125.28
1490,2023-11-19,96,134.95
1491,2023-11-20,98,130.89
1492,2023-11-21,95,134.14
1493,2023-11-22,80,127.49
1494,2023-11-23,86,132.53
1495,2023-11-24,94,129.44
1496,2023-11-25,111,137.63
1497,2023-11-26,95,122.29
1498,2023-11-27,86,138.27
1499,2023-11-28,105,146.87
1500,2023-11-29,94,145.36
1501,2023-11-30,89,134.62
1502,2023-12-01,112,141.51
1503,2023-12-02,103,137.72
1504,2023-12-03,87,138.73
1505,2023-12-04,94,133.2
1506,2023-12-05,89,117.24
1507,2023-12-06,81,128.4
1508,2023-12-07,90,110.47
1509,2023-12-08,91,132.57
1510,2023-12-09,92,130.61
1511,2023-12-10,91,131.67
1512,2023-12-11,87,112.58
1513,2023-12-12,78,126.91
1514,2023-12-13,88,134.26
1515,2023-12-14,77,138.25
1516,2023-12-15,83,121.96
1517,2023-12-16,75,120.34
1518,2023-12-17,79,121.5
1519,2023-12-18,79,111.73
1520,2023-12-19,88,108.08
1521,2023-12-20,76,110.91
1522,2023-12-21,77,115.95
1523,2023-12-22,74,119.26
1524,2023-12-23,90,111.62
1525,2023-12-24,84,121.22
1526,2023-12-25,93,121.21
1527,2023-12-26,85,123.17
1528,2023-12-27,94,122.82
1529,2023-12-28,83,118.53
1530,2023-12-29,81,127.8
1531,2023-12-30,80,118.18
1532,2023-12-31,88,123.97
1533,2024-01-01,79,117.69
1534,2024-01-02,92,122.3
1535,2024-01-03,73,123.76
1536,2024-01-04,90,123.62
1537,2024-01-05,87,127.06
1538,2024-01-06,92,129.25
1539,2024-01-07,84,124.77
1540,2024-01-08,99,130.63
1541,2024-01-09,96,140.16
1542,2024-01-10,98,145.29
1543,2024-01-11,85,143.45
1544,2024-01-12,94,142.47
1545,2024-01-13,85,124.11
1546,2024-01-14,98,123.65
1547,2024-01-15,85,126.52
1548,2024-01-16,81,129.19
1549,2024-01-17,86,120.66
1550,2024-01-18,98,119.97
1551,2024-01-19,84,137.7
1552,2024-01-20,89,134.94
1553,2024-01-21,85,131.79
1554,2024-01-22,97,124.98
1555,2024-01-23,95,134.64
1556,2024-01-24,103,139.79
1557,2024-01-25,77,123.59
1558,2024-01-26,93,126.4
1559,2024-01-27,84,127.24
1560,2024-01-28,77,129.34
1561,2024-01-29,85,121.68
1562,2024-01-30,83,128.35
1563,2024-01-31,81,122.62
1564,2024-02-01,95,120.01
1565,2024-02-02,89,122.58
1566,2024-02-03,84,131.85
1567,2024-02-04,100,138.65
1568,2024-02-05,96,135.63
1569,2024-02-06,90,127.91
1570,2024-02-07,94,117.01
1571,2024-02-08,92,128.95
1572,2024-02-09,98,120.31
1573,2024-02-10,94,136.57
1574,2024-02-11,85,128.44
1575,2024-02-12,83,121.19
1576,2024-02-13,88,136.62
1577,2024-02-14,85,134.49
1578,2024-02-15,100,134.94
1579,2024-02-16,99,131.59
1580,2024-02-17,99,142.73
1581,2024-02-18,110,132.6
1582,2024-02-19,93,135.98
1583,2024-02-20,94,134.04
1584,2024-02-21,95,131.62
1585,2024-02-22,100,135.67
1586,2024-02-23,96,136.91
1587,2024-02-24,92,123.71
1588,2024-02-25,90,132.99
1589,2024-02-26,92,130.24
1590,2024-02-27,89,129.31
1591,2024-02-28,98,128.87
1592,2024-02-29,81,126.41
1593,2024-03-01,85,133.05
1594,2024-03-02,92,135.93
1595,2024-03-03,102,138.28
1596,2024-03-04,98,120.82
1597,2024-03-05,82,127.31
1598,2024-03-06,89,123.49
1599,2024-03-07,76,120.61
1600,2024-03-08,81,124.78
1601,2024-03-09,81,124.24
1602,2024-03-10,72,114.59
1603,2024-03-11,77,113.6
1604,2024-03-12,79,123.99
1605,2024-03-13,78,122.04
1606,2024-03-14,75,120.03
1607,2024-03-15,68,123.9
1608,2024-03-16,79,126.92
1609,2024-03-17,89,116.5
1610,2024-03-18,74,130.22
1611,2024-03-19,82,109.04
1612,2024-03-20,89,120.61
1613,2024-03-21,81,118.65
1614,2024-03-22,79,114.69
1615,2024-03-23,76,113.9
1616,2024-03-24,75,118.72
1617,2024-03-25,72,124.63
1618,2024-03-26,83,126.65
1619,2024-03-27,81,134.33
1620,2024-03-28,93,118.55
1621,2024-03-29,94,141.61
1622,2024-03-30,75,131.85
1623,2024-03-31,80,120.45
1624,2024-04-01,77,126.81
1625,2024-04-02,86,120.03
1626,2024-04-03,87,119.81
1627,2024-04-04,78,130.97
1628,2024-04-05,81,104.6
1629,2024-04-06,62,115.11
1630,2024-04-07,79,112.76
1631,2024-04-08,81,126.52
1632,2024-04-09,71,100.49
1633,2024-04-10,78,112.17
1634,2024-04-11,80,110.79
1635,2024-04-12,66,122.12
1636,2024-04-13,76,120.4
1637,2024-04-14,65,119.09
1638,2024-04-15,64,103.76
1639,2024-04-16,72,104.16
1640,2024-04-17,69,98.71
1641,2024-04-18,68,107.53
1642,2024-04-19,64,96.46
1643,2024-04-20,67,102.53
1644,2024-04-21,65,99.68
1645,2024-04-22,71,109.86
1646,2024-04-23,64,108.22
1647,2024-04-24,61,118.01
1648,2024-04-25,73,117.0
1649,2024-04-26,77,119.2
1650,2024-04-27,76,116.84
1651,2024-04-28,72,125.08
1652,2024-04-29,67,107.88
1653,2024-04-30,77,122.89
1654,2024-05-01,71,131.71
1655,2024-05-02,74,114.33
1656,2024-05-03,69,117.41
1657,2024-05-04,70,115.86
1658,2024-05-05,84,121.64
1659,2024-05-06,79,119.6
1660,2024-05-07,78,117.5
1661,2024-05-08,92,133.21
1662,2024-05-09,91,129.89
1663,2024-05-10,91,127.65
1664,2024-05-11,85,138.79
1665,2024-05-12,84,121.84
1666,2024-05-13,82,121.21
1667,2024-05-14,86,126.94
1668,2024-05-15,85,117.17
1669,2024-05-16,84,124.7
1670,2024-05-17,82,126.24
1671,2024-05-18,95,126.05
1672,2024-05-19,97,123.87
1673,2024-05-20,79,122.72
1674,2024-05-21,84,121.3
1675,2024-05-22,86,130.46
1676,2024-05-23,91,131.89
1677,2024-05-24,81,130.75
1678,2024-05-25,77,129.1
1679,2024-05-26,86,121.25
1680,2024-05-27,89,129.39
1681,2024-05-28,97,129.54
1682,2024-05-29,77,120.08
1683,2024-05-30,76,114.63
1684,2024-05-31,90,111.55
1685,2024-06-01,88,133.41
1686,2024-06-02,82,127.47
1687,2024-06-03,81,127.78
1688,2024-06-04,96,141.37
1689,2024-06-05,93,132.62
1690,2024-06-06,84,133.55
1691,2024-06-07,94,138.14
1692,2024-06-08,85,130.88
1693,2024-06-09,86,129.7
1694,2024-06-10,94,133.86
1695,2024-06-11,95,124.47
1696,2024-06-12,100,133.17
1697,2024-06-13,110,131.94
1698,2024-06-14,99,137.3
1699,2024-06-15,98,144.43
1700,2024-06-16,104,147.2
1701,2024-06-17,101,141.12
1702,2024-06-18,101,147.5
1703,2024-06-19,109,145.83
1704,2024-06-20,112,147.49
1705,2024-06-21,101,136.32
1706,2024-06-22,108,142.18
1707,2024-06-23,104,147.89
1708,2024-06-24,108,145.38
1709,2024-06-25,91,133.67
1710,2024-06-26,98,133.41
1711,2024-06-27,107,139.28
1712,2024-06-28,102,141.28
1713,2024-06-29,100,148.15
1714,2024-06-30,100,130.19
1715,2024-07-01,102,134.48
1716,2024-07-02,102,139.4
1717,2024-07-03,111,153.06
1718,2024-07-04,101,139.13
1719,2024-07-05,93,134.06
1720,2024-07-06,77,132.99
1721,2024-07-07,104,141.2
1722,2024-07-08,113,130.48
1723,2024-07-09,96,123.13
1724,2024-07-10,83,128.8
1725,2024-07-11,93,129.9
1726,2024-07-12,97,127.09
1727,2024-07-13,100,136.64
1728,2024-07-14,83,136.01
1729,2024-07-15,93,142.09
1730,2024-07-16,95,141.22
1731,2024-07-17,95,146.65
1732,2024-07-18,116,150.92
1733,2024-07-19,93,139.11
1734,2024-07-20,99,140.57
1735,2024-07-21,110,150.18
1736,2024-07-22,96,132.53
1737,2024-07-23,90,125.92
1738,2024-07-24,81,135.52
1739,2024-07-25,86,131.58
1740,2024-07-26,108,144.92
1741,2024-07-27,86,134.25
1742,2024-07-28,99,138.51
1743,2024-07-29,106,147.65
1744,2024-07-30,117,149.75
1745,2024-07-31,102,151.24
1746,2024-08-01,102,142.38
1747,2024-08-02,104,140.12
1748,2024-08-03,103,145.36
1749,2024-08-04,94,139.57
1750,2024-08-05,99,133.25
1751,2024-08-06,86,133.83
1752,2024-08-07,95,127.62
1753,2024-08-08,104,139.45
1754,2024-08-09,93,146.19
1755,2024-08-10,92,137.99
1756,2024-08-11,105,138.27
1757,2024-08-12,89,122.2
1758,2024-08-13,94,124.09
1759,2024-08-14,92,136.48
1760,2024-08-15,88,123.2
1761,2024-08-16,80,130.34
1762,2024-08-17,97,140.94
1763,2024-08-18,83,134.23
1764,2024-08-19,78,128.65
1765,2024-08-20,89,119.13
1766,2024-08-21,90,128.37
1767,2024-08-22,95,133.93
1768,2024-08-23,87,141.34
1769,2024-08-24,93,125.34
1770,2024-08-25,97,133.56
1771,2024-08-26,104,145.33
1772,2024-08-27,91,146.53
1773,2024-08-28,102,125.82
1774,2024-08-29,97,136.56
1775,2024-08-30,108,156.19
1776,2024-08-31,94,139.99
1777,2024-09-01,102,137.9
1778,2024-09-02,96,139.37
1779,2024-09-03,99,134.42
1780,2024-09-04,106,142.85
1781,2024-09-05,110,142.73
1782,2024-09-06,94,157.73
1783,2024-09-07,111,152.13
1784,2024-09-08,127,147.76
1785,2024-09-09,117,146.49
1786,2024-09-10,112,147.69
1787,2024-09-11,113,153.18
1788,2024-09-12,112,143.3
1789,2024-09-13,115,156.73
1790,2024-09-14,125,152.87
1791,2024-09-15,106,143.27
1792,2024-09-16,105,152.97
1793,2024-09-17,96,150.9
1794,2024-09-18,105,154.81
1795,2024-09-19,109,147.13
1796,2024-09-20,110,149.09
1797,2024-09-21,117,153.79
1798,2024-09-22,123,151.39
1799,2024-09-23,112,158.73
1800,2024-09-24,102,152.26
1801,2024-09-25,118,156.8
1802,2024-09-26,107,148.87
1803,2024-09-27,113,143.98
1804,2024-09-28,100,145.91
1805,2024-09-29,106,140.4
1806,2024-09-30,107,138.3
1807,2024-10-01,123,150.96
1808,2024-10-02,116,151.54
1809,2024-10-03,112,150.66
1810,2024-10-04,128,156.33
1811,2024-10-05,114,160.99
1812,2024-10-06,116,169.02
1813,2024-10-07,124,159.3
1814,2024-10-08,127,152.88
1815,2024-10-09,120,162.65
1816,2024-10-10,121,167.32
1817,2024-10-11,115,162.91
1818,2024-10-12,109,157.81
1819,2024-10-13,128,162.4
1820,2024-10-14,123,159.7
1821,2024-10-15,128,155.34
1822,2024-10-16,127,162.64
1823,2024-10-17,127,167.35
1824,2024-10-18,132,167.5
